City_ID,City,Country,Max Temp,Current Description,Lat,Lng,Hotel Name
5,Georgetown,MY,81.23,few clouds,5.4112,100.3354,Cititel Penang
6,Mazagao,BR,86.05,overcast clouds,-0.115,-51.2894,Recanto dos Ferreiras
13,Oranjestad,AW,84.9,scattered clouds,12.524,-70.027,Divi Village Golf & Beach Resort
29,Malanville,BJ,76.42,scattered clouds,11.8685,3.3899,Hotel Sejour du Sahel
31,Wajir,KE,79.38,light rain,1.7471,40.0573,Mahatallah Hotel
32,Manta,EC,76.78,clear sky,-0.95,-80.7333,Balandra Hotel
34,Porangatu,BR,81.46,overcast clouds,-13.4408,-49.1486,Wembley Park Hotel
36,Bengkulu,ID,75.52,overcast clouds,-3.8004,102.2655,Grage Hotel Bengkulu
41,Bandarbeyla,SO,78.96,few clouds,9.4942,50.8122,JABIR HOTEL
53,Sao Filipe,CV,75.96,broken clouds,14.8961,-24.4956,Hotel Xaguate
57,Chulumani,BO,75.9,broken clouds,-16.4096,-67.5263,Hotel Cabanas Paradise
59,Port Blair,IN,76.46,heavy intensity rain,11.6667,92.75,"Welcomhotel By ITC Hotels, Port Blair - Premium Hotel Near the Airport | Idyllic Island Experience Vacation"
68,Cape Coral,US,86.07,clear sky,26.5629,-81.9495,"Hampton Inn & Suites - Cape Coral/Fort Myers Area, FL"
75,Tsabong,BW,82.08,scattered clouds,-26.0217,22.401,Springbok Motel
76,Sokoni,TZ,79.43,clear sky,-6.4333,39.55,Ujamaa Beach Resort
84,Hithadhoo,MV,81.3,overcast clouds,-0.6,73.0833,Scoop Guest House
85,Caninde,BR,86.5,clear sky,-4.3589,-39.3117,Hotel Casa Grande II
86,Ugoofaaru,MV,80.91,overcast clouds,5.6667,73.0,Ungoofaaru Inn
87,Manacapuru,BR,87.55,overcast clouds,-3.2997,-60.6206,Novo Hotel
94,Itarema,BR,78.94,few clouds,-2.9248,-39.9167,"Sea Lounge! Bar, Club & Restaurant"
96,Santa Isabel Do Rio Negro,BR,80.2,overcast clouds,-0.4139,-65.0192,Hotel GSA
97,Porto Novo,BJ,79.41,scattered clouds,6.4965,2.6036,Tour Eiffel Hotel Benin
99,Bull Savanna,JM,80.6,scattered clouds,17.8868,-77.5902,Big Red's
104,Coihueco,CL,81.34,clear sky,-36.6167,-71.8333,"Frutillares, Coihueco"
105,Dangriga,BZ,82.72,light rain,16.9692,-88.2321,Chaleanor Hotel
106,Cayenne,GF,82.44,clear sky,4.9333,-52.3333,Hôtel Le Dronmi
109,Saint-Georges,GD,79.72,light rain,12.0564,-61.7485,Radisson Grenada Beach Resort
110,Young,UY,85.62,clear sky,-32.6833,-57.6333,Posada Gira el Sol
113,Harper,LR,77.95,light rain,4.375,-7.7169,Screensaver
115,Mar Del Plata,AR,76.82,clear sky,-38.0023,-57.5575,Gran Hotel Mar del Plata
120,Vallenar,CL,79.21,overcast clouds,-28.5708,-70.7581,Humacao Bed & Breakfast
129,Arraial Do Cabo,BR,76.86,heavy intensity rain,-22.9661,-42.0278,Pousada Porto Praia
147,Dhidhdhoo,MV,80.98,overcast clouds,6.8833,73.1,Dhidhoo beach
149,Victoria,HK,75.38,scattered clouds,22.2855,114.1577,Mini Central
151,Macas,EC,80.35,broken clouds,-2.3167,-78.1167,Casa Upano
152,Nueva Gerona,CU,82.02,few clouds,21.8833,-82.8,Casa de la Alegria
154,Axim,GH,78.78,clear sky,4.8699,-2.2405,Axim Beach Resort And Spa
155,Dabakala,CI,77.2,clear sky,8.3667,-4.4333,Mosquée
157,Ibia,BR,76.46,light rain,-19.4783,-46.5389,Hotel Triângulo
158,Carora,VE,82.8,overcast clouds,10.1755,-70.0827,Hotel Irpinia
167,Matara,LK,75.74,overcast clouds,5.9485,80.5353,Amaloh Boutique Resort
178,Tabou,CI,78.01,light rain,4.423,-7.3528,hotêl doufoulougou
184,Santa Rosa,PH,78.78,few clouds,14.3122,121.1114,Erlyn’s Sta Rosa City Home
193,Dingle,PH,75.56,broken clouds,10.9995,122.6711,SEGAYA PROPERTY
201,Kapoeta,SS,81.18,light rain,4.7717,33.5903,Lokoges PHCC
206,Vila Velha,BR,78.75,overcast clouds,-20.3297,-40.2925,Hotel Vitória Palace
208,Viedma,AR,80.85,clear sky,-40.8135,-62.9967,Hotel Cristal
212,Omboue,GA,77.16,broken clouds,-1.5746,9.2618,Hotel Olako
220,Abu Dhabi,AE,80.71,clear sky,24.4667,54.3667,Beach Rotana
222,Puerto Madryn,AR,79.52,clear sky,-42.7692,-65.0385,Hotel Tolosa
223,Itaqui,BR,83.71,clear sky,-29.1253,-56.5531,HOTEL BIASI - ITAQUI/RS
225,Jardim,BR,78.96,clear sky,-21.4803,-56.1381,Estancia Hotel - Jardim MS
229,Carauari,BR,86.97,light rain,-4.8828,-66.8958,Hotel Fellip
236,Caravelas,BR,76.98,overcast clouds,-17.7125,-39.2481,Pousada dos Navegantes
238,San Cristobal,VE,77.18,broken clouds,7.7669,-72.225,Pirineos
240,Aden,YE,79.32,clear sky,12.7794,45.0367,Sama Emirate Hotel
246,Bonthe,SL,78.57,overcast clouds,7.5264,-12.505,Bonthe Holiday Village
249,Parrita,CR,79.29,broken clouds,9.5201,-84.3225,Beso del Viento
257,Kavaratti,IN,81.34,overcast clouds,10.5669,72.642,Green leaf
260,Salaga,GH,80.19,few clouds,8.5508,-0.5188,Bore Nada Guest House
266,San Pedro,PH,78.03,light rain,14.35,121.0167,Palines Apartment and Guesthouse
272,Nkpor,NG,78.17,overcast clouds,6.1516,6.8446,First choice Hotel
275,Touros,BR,78.42,scattered clouds,-5.1989,-35.4608,INN NEW HORIZON
282,Inirida,CO,84.27,overcast clouds,3.8653,-67.9239,Fuente del Guania Hotel de Lujo
293,Carutapera,BR,79.9,scattered clouds,-1.195,-46.02,Lidera
296,Chikwawa,MW,76.06,few clouds,-16.0335,34.8009,Thawale Lodge
297,Manati,PR,83.86,few clouds,18.4275,-66.4921,Manati World Point Inn
314,Guasdualito,VE,82.18,overcast clouds,7.2424,-70.7324,Hotel Cuibas
319,Epe,NG,77.99,light rain,6.5841,3.9834,MAGVILLE HOTEL
327,Mount Pleasant,US,76.08,scattered clouds,32.7941,-79.8626,Best Western Patriots Point
328,Mahibadhoo,MV,81.3,overcast clouds,3.7833,72.9667,Omadhoo Inn
330,Muli,MV,81.27,broken clouds,2.9167,73.5667,Medhufushi Island Resort
331,Nisia Floresta,BR,79.61,scattered clouds,-6.0911,-35.2086,Rancho Crepusculo
333,Isla Mujeres,MX,86.16,light rain,21.2311,-86.731,Hotel La Joya Isla Mujeres
338,Bentiu,SS,77.49,broken clouds,9.2333,29.8333,Mandela hôtel
341,Sur,OM,78.53,clear sky,22.5667,59.5289,Sur Plaza Hotel
342,Sasaima,CO,76.46,overcast clouds,4.9661,-74.4351,Casa Cacao
349,Oistins,BB,82.49,few clouds,13.0667,-59.5333,Butterfly Beach Hotel
350,Sao Jose Da Coroa Grande,BR,77.95,few clouds,-8.8978,-35.1478,Crôa Mares Hotel
352,Caibarien,CU,85.32,few clouds,22.5206,-79.4669,La Nena
354,Toma,BF,79.65,overcast clouds,12.7667,-2.8833,Auberge de l'amitié
357,Bubaque,GW,82.99,overcast clouds,11.2833,-15.8333,"Casa Dora, Bubaque"
361,Vryburg,ZA,75.99,broken clouds,-26.9566,24.7284,The Times Premier Lodge
367,Muisne,EC,76.17,broken clouds,0.6,-80.0333,Quinta Samay
376,Mahajanga,MG,77.02,thunderstorm,-15.7167,46.3167,Hôtel Restaurant Gourmand Coco Lodge Majunga
377,Bathsheba,BB,83.01,few clouds,13.2167,-59.5167,Atlantis Hotel
379,Marsh Harbour,BS,80.06,few clouds,26.5412,-77.0636,Abaco Beach Resort
380,Sinnamary,GF,80.51,overcast clouds,5.3833,-52.95,ALETHEIA Appartement Sinnamary
383,Calama,CL,75.69,clear sky,-22.4667,-68.9333,Park Hotel Calama
386,Cockburn Town,TC,81.55,clear sky,21.4612,-71.1419,Osprey Beach Hotel
394,Miraflores,MX,78.98,clear sky,19.2167,-98.8083,Hotel Mansión
396,Kulhudhuffushi,MV,81.01,overcast clouds,6.6221,73.07,Haajy Guest House 1
400,Loandjili,CG,76.98,overcast clouds,-4.7561,11.8578,Résidence ARCHANGE
402,La Asuncion,VE,81.91,light rain,11.0333,-63.8628,Colinas de Matasiete
404,Rawson,AR,79.18,clear sky,-43.3002,-65.1023,Hosteria Sampedro
408,Cabedelo,BR,79.47,scattered clouds,-6.9811,-34.8339,Pousada Camboinha
414,Charleston,US,76.1,scattered clouds,32.7766,-79.9309,"Mills House Charleston, Curio Collection by Hilton"
418,Tarrafal,CV,75.99,broken clouds,15.2833,-23.7667,Hotel Ixola
426,Port-Gentil,GA,80.56,scattered clouds,-0.7193,8.7815,Fengshui Residence
427,Navrongo,GH,79.25,clear sky,10.8956,-1.0921,Azakka Hotel
429,Manaure,CO,85.71,broken clouds,11.7751,-72.4445,Hotel Palaaima
430,Iseyin,NG,76.66,scattered clouds,7.9667,3.6,Momak Hotels And Suites
432,Cabanas,CU,81.52,light rain,22.9758,-82.9219,Villa Luis Montesino y Anabel
439,Takoradi,GH,79.36,few clouds,4.8845,-1.7554,Raybow International Hotel
441,Piacabucu,BR,77.74,overcast clouds,-10.4056,-36.4344,Piaçabuçu News
445,Amontada,BR,80.74,few clouds,-3.3617,-39.8317,Casa do Otávio
449,Trinidad,BO,85.98,scattered clouds,-14.8333,-64.9,Hotel Piesta
450,Cartagena,CO,82.02,heavy intensity rain,10.3997,-75.5144,Hotel Colombia Real - Cartagena
452,General Pico,AR,86.32,broken clouds,-35.6566,-63.7568,Euskadi Hotel
454,Pontes E Lacerda,BR,88.68,overcast clouds,-15.2261,-59.3353,Hotel Bressan
456,Padilla,CO,80.17,overcast clouds,3.2204,-76.3139,La Granadina
460,Cartagena Del Chaira,CO,77.27,heavy intensity rain,1.3349,-74.8429,HOTEL LA ROCA
463,Tutoia,BR,79.27,clear sky,-2.7619,-42.2744,Pousada Guará's
467,Remanso,BR,83.34,broken clouds,-9.6179,-42.0831,Hotel Mangueira
468,Boffa,GN,76.5,overcast clouds,10.1667,-14.0333,Hôtel Niara Belly
469,Ipixuna,BR,78.91,broken clouds,-1.7625,-48.8043,Chalé do Mato
475,Pitimbu,BR,79.39,broken clouds,-7.4706,-34.8086,Reserva do Abiaí
479,Isabela,PH,77.05,overcast clouds,6.7085,121.9711,Isawad Resort
482,Savannah Bight,HN,82.98,clear sky,16.45,-85.85,Villa on Dunbar Rock
483,Kudahuvadhoo,MV,81.1,broken clouds,2.6708,72.8944,Niyama Private Islands Maldives
485,Praia,CV,75.74,broken clouds,14.9215,-23.5087,LT Aparthotel
486,Andros Town,BS,81.3,clear sky,24.7,-77.7667,CBH
487,Warri,NG,78.08,light rain,5.5167,5.75,GT Guesthouse
489,Doha,QA,78.78,clear sky,25.2867,51.5333,Mövenpick Doha
492,Leisure City,US,86.02,clear sky,25.4954,-80.4292,Hampton Inn & Suites Homestead Miami South
495,Morondava,MG,77.92,moderate rain,-20.2833,44.2833,La Case Bambou
496,Hambantota,LK,75.54,scattered clouds,6.1241,81.1185,Bungalow 63
497,Batticaloa,LK,77.72,overcast clouds,7.7102,81.6924,Treatooo Hotel
499,Taperoa,BR,82.54,broken clouds,-7.2075,-36.8267,Hotel Casarão Antigo
500,Grajau,BR,76.93,broken clouds,-5.8194,-46.1386,Hotel Confiança
501,Mapiripan,CO,77.31,overcast clouds,2.8892,-72.1256,Monserrate
502,Tres Arroyos,AR,82.71,clear sky,-38.3739,-60.2798,Habitacion Triple con baño y entrada privada
503,Vilhena,BR,84.42,scattered clouds,-12.7406,-60.1458,Hotel Mirage
506,Acari,PE,75.0,few clouds,-15.4311,-74.6158,HOSPEDAJE XIMENA
510,Ocara,BR,80.17,clear sky,-4.4908,-38.5967,Pousada familiar
515,Vicuna,CL,82.78,overcast clouds,-30.0319,-70.7081,Los Mosaicos
518,Buenos Aires,AR,87.98,clear sky,-34.6132,-58.3772,Hotel NH Buenos Aires City
519,Neuquen,AR,84.09,clear sky,-38.9516,-68.0591,Hotel del Comahue
522,Sao Desiderio,BR,75.09,broken clouds,-12.3633,-44.9733,POUSADA BOM SOSSEGO
523,Palora,EC,80.71,light rain,-1.7,-77.9333,Rancho grande
530,Laje,BR,78.73,overcast clouds,-10.1833,-40.9667,NN Pousada
531,Acarau,BR,79.34,few clouds,-2.8856,-40.12,castelo pizzaria
534,Atar,MR,80.62,clear sky,20.5169,-13.0499,Oumou Elghoura
537,Hukuntsi,BW,79.86,scattered clouds,-24.0,21.75,Its me guest house
538,El Porvenir,HN,87.13,few clouds,13.7617,-87.3458,Campo de Futbol Las Delicias
539,Morant Bay,JM,84.7,clear sky,17.8815,-76.4093,Whispering Bamboo Cove Resort
541,Spring Hill,US,80.64,clear sky,28.4769,-82.5255,Millennium Suites Llc
553,Puerto Leguizamo,CO,75.61,overcast clouds,-0.1934,-74.7819,la casona de juancho
555,Guarapari,BR,76.89,overcast clouds,-20.6667,-40.4975,Hotel Porto do Sol
561,Senador Jose Porfirio,BR,83.28,overcast clouds,-2.5908,-51.9542,Hotel Praia
562,Monrovia,LR,78.55,light rain,6.3005,-10.7969,Sunset Inn
564,Yumbel,CL,80.83,clear sky,-37.0833,-72.5667,Hotel Fuerte Santa LucÍa de Yumbel
576,Maceio,BR,78.24,clear sky,-9.6658,-35.7353,Hotel Ponta Verde Maceió
578,Camoapa,NI,75.42,broken clouds,12.3839,-85.5116,Hotel Las Pérgolas
579,Varzea Alegre,BR,88.47,few clouds,-5.35,-40.3833,Rancho Aconchego
588,Coxim,BR,89.46,overcast clouds,-18.5067,-54.76,Rancho Da Curica
591,Formosa Do Rio Preto,BR,80.02,overcast clouds,-11.0483,-45.1931,Porto Center Hotel
599,Nuevitas,CU,82.92,clear sky,21.5453,-77.2644,Hotel Caonaba
601,Toritama,BR,78.21,scattered clouds,-8.0067,-36.0567,Toritama Golden Hotel
611,Dibulla,CO,83.55,light rain,11.2725,-73.3091,Hospedaje Dibulla Beach
614,Diego De Almagro,CL,76.05,broken clouds,-26.3667,-70.05,hotel luna del desierto
615,Palmas,BR,84.07,few clouds,-10.2128,-48.3603,Hotel Lago da Palma
622,Porto Velho,BR,75.25,heavy intensity rain,-8.7619,-63.9039,Ecos Hotel Conforto
624,Ghanzi,BW,78.85,clear sky,-21.5667,21.7833,Ghanzi Farmhouse
627,Consolacion Del Sur,CU,84.06,few clouds,22.5047,-83.5136,Cuarto de alquiler
628,Trairi,BR,78.98,scattered clouds,-3.2778,-39.2689,janelas do mar
630,Conde,BR,78.26,broken clouds,-7.2597,-34.9075,Pousada Beija Flor
632,San Matias,BO,88.59,broken clouds,-16.3667,-58.4,"HOTEL ""SAN JOSE"""
635,Camacari,BR,80.37,overcast clouds,-12.6975,-38.3242,Sítio Blasi
640,Macau,MO,75.0,few clouds,22.2006,113.5461,Grand Emperor Hotel
648,Manoel Urbano,BR,80.24,heavy intensity rain,-8.8389,-69.2597,Baixada Beira Rio
652,Kintampo,GH,76.17,scattered clouds,8.0563,-1.7306,Adomaa Memorial Hotel
653,Gwadar,PK,77.68,few clouds,25.1216,62.3254,Sadaf Resort
654,Benevides,BR,85.8,overcast clouds,-1.3614,-48.2447,Sítio Taiassui
658,Caucaia,BR,80.55,clear sky,-3.7361,-38.6531,M.O.S. Logística - Filial Fortaleza
661,Chimbarongo,CL,85.08,broken clouds,-34.7,-71.05,Hostal Ruka Kamañ
671,Pozo Colorado,PY,77.86,clear sky,-23.4923,-58.7972,Hospedaje La Norteña
672,Independencia,BR,86.18,few clouds,-5.3964,-40.3086,Pousada Santa Cruz
673,Mamallapuram,IN,77.05,scattered clouds,12.6264,80.1722,Radisson Blu Resort Temple Bay Mamallapuram
685,Santa Cruz,BO,89.65,few clouds,-17.8,-63.1667,Aviador Hotel Boutique
688,Comodoro Rivadavia,AR,82.26,clear sky,-45.8667,-67.5,Austral Hotel
693,San Luis,AR,83.71,overcast clouds,-33.295,-66.3356,Huarpes Hotel
695,La Palma,US,76.5,few clouds,33.8464,-118.0467,La Quinta Inn & Suites by Wyndham Buena Park
706,Tahoua,NE,75.18,clear sky,14.8888,5.2692,Bungalows Guesthouse
715,Vavoua,CI,75.49,broken clouds,7.3819,-6.4778,Hotel Le Peuple
724,Samana,DO,86.22,scattered clouds,19.2056,-69.3369,The Bannister - Hotel & Yacht Club
725,Nampula,MZ,75.15,scattered clouds,-15.1165,39.2666,Ruby Backpackers
726,Mumford,GH,79.74,scattered clouds,5.2618,-0.759,Peace Guest House
728,Itupiranga,BR,80.92,overcast clouds,-5.1347,-49.3267,Hotel Panorama
729,Lucea,JM,85.86,clear sky,18.451,-78.1736,Grand Palladium Jamaica Resort & Spa
733,Ico,BR,85.98,scattered clouds,-6.4011,-38.8622,Pousada Emanuella
736,Piste,MX,89.65,broken clouds,20.7,-88.5833,Hotel Villas Arqueologicas Chichen Itza
742,Oussouye,SN,82.49,overcast clouds,12.485,-16.5469,Auberge du Routard
755,San Lorenzo,PY,85.14,clear sky,-25.3333,-57.5333,Canarias Hotel
757,Boundiali,CI,80.33,overcast clouds,9.5217,-6.4869,Hotel Paysan Boundiali
758,Bafoulabe,ML,83.07,overcast clouds,13.8065,-10.8321,Logement du Chargé SIS Abdoul Karim Konaté
759,Luanda,AO,75.2,few clouds,-8.8368,13.2343,EPIC SANA Luanda
767,Limon,CR,82.29,clear sky,10.0,-83.0333,Hotel Playa Bonita
778,El Calvario,GT,81.32,scattered clouds,14.1167,-89.9167,FINCA LOS ABUELOS
782,Sao Geraldo Do Araguaia,BR,77.92,broken clouds,-6.4006,-48.555,Hotel Por do Sol
783,Soto,AR,83.93,broken clouds,-32.8107,-61.4026,Hotel Verdesole
784,Sena Madureira,BR,82.44,moderate rain,-9.0656,-68.6569,Hotel Central
788,Camocim,BR,79.3,few clouds,-2.9022,-40.8411,Ilha Praia Hotel
790,Sao Gabriel Da Cachoeira,BR,78.01,light rain,-0.1303,-67.0892,Alarne - Área De Lazer Do Alto Rio Negro
795,Kalmunai,LK,76.96,overcast clouds,7.4167,81.8167,VS Villa
800,Banda Aceh,ID,78.21,light rain,5.5577,95.3222,OYO 884 Rumoh PMI Hotel
814,Portobelo,PA,81.05,overcast clouds,9.55,-79.65,Scuba Portobelo
820,Mabaruma,GY,75.42,light rain,8.2,-59.7833,Monty Brooms Guest House
822,Gewane,ET,76.46,scattered clouds,10.1664,40.6453,እንደገና ገዋኔ ሞቴል
824,Hobyo,SO,80.13,broken clouds,5.3505,48.5268,Halane Hotel and Restaurent
828,Oriximina,BR,87.17,broken clouds,-1.7656,-55.8661,Pousada Tia Amélia
832,Salta,AR,84.79,few clouds,-24.7859,-65.4117,Hotel Alejandro I
836,West Bay,KY,86.07,few clouds,19.3667,-81.4167,Calypso Cove
840,Tame,CO,79.36,broken clouds,6.461,-71.73,Hospedaje Santa Ana
842,Salto,UY,86.16,clear sky,-31.3833,-57.9667,Gran Hotel Uruguay
846,Olinda,BR,80.33,scattered clouds,-8.0089,-34.8553,Flat Quatro Rodas Olinda
852,Linguere,SN,84.22,overcast clouds,15.3953,-15.1193,AYO Casablanca
854,Saint Pete Beach,US,81.25,clear sky,27.7253,-82.7412,Sirata Beach Resort
860,Linhares,BR,75.49,overcast clouds,-19.3911,-40.0722,Hotel Conceição
864,Altamira,BR,87.89,scattered clouds,-3.2033,-52.2064,Requinte Hotel
870,Port Antonio,JM,84.99,clear sky,18.18,-76.4612,The Trident Hotel
876,San Rafael,AR,86.7,broken clouds,-34.6177,-68.3301,Hotel San Rafael
880,Breves,BR,80.26,broken clouds,-1.6822,-50.4803,Hotel e Restaurante Grill
883,Maragogi,BR,77.13,scattered clouds,-9.0122,-35.2225,Salinas do Maragogi All Inclusive Resort
888,Boa Vista,BR,89.58,few clouds,2.8197,-60.6733,Aipana Plaza Hotel
889,Segou,ML,83.12,overcast clouds,13.4317,-6.2157,Comme chez soi
890,Libreville,GA,77.16,moderate rain,0.3925,9.4537,Hotel Kreg Le Patio
893,Villavicencio,CO,77.29,overcast clouds,4.142,-73.6266,Hotel del Llano
897,Santa Luzia,BR,75.34,fog,-19.7697,-43.8514,Pousada Chao Earth
904,Porbandar,IN,77.45,clear sky,21.6422,69.6093,Lords Inn Porbandar
906,Weligama,LK,75.25,moderate rain,5.9667,80.4167,Weligama Bay Resort
917,Takaungu,KE,79.29,moderate rain,-3.6837,39.8566,Takaungu House
924,Wukari,NG,76.03,overcast clouds,7.85,9.7833,Elimtop
931,Bauru,BR,88.74,clear sky,-22.3147,-49.0606,Astor Hotel
934,Bol,TD,77.25,clear sky,13.4586,14.7147,Harrouni camp de passage
935,Mitsamiouli,KM,78.1,overcast clouds,-11.3847,43.2844,Foyer ADM
940,Marigot,MF,82.49,scattered clouds,18.0667,-63.0833,"Sonesta Maho Beach Resort, Casino & Spa"
941,Corn Island,NI,82.33,overcast clouds,12.1694,-83.0418,Big Fish Guest House
953,Sao Joao Da Barra,BR,78.89,light rain,-21.6403,-41.0511,Pousada Porto De Canoas
954,Posse,BR,76.42,overcast clouds,-14.0931,-46.3694,Pousada das Palmeiras
959,Mayumba,GA,77.45,overcast clouds,-3.432,10.6554,LIKWALE LODGE
965,Rio Grande,BR,84.31,clear sky,-32.035,-52.0986,Hotel Atlântico Rio Grande
968,Macaubas,BR,75.54,light rain,-13.0194,-42.6986,Hotel Portal
970,Conceicao Do Araguaia,BR,79.79,overcast clouds,-8.2578,-49.2647,Tarumã Tropical Hotel
975,Mercedes,AR,77.9,clear sky,-34.6515,-59.4307,Posada del Inti Centro
986,Ambalema,CO,84.61,overcast clouds,4.7841,-74.7627,Hotel San Gabriel
994,Dwarka,IN,78.84,clear sky,22.2394,68.9678,Hotel Narayan Avezika Comfort
1003,Kismayo,SO,77.88,light rain,-0.3582,42.5454,Agan-Hotel
1007,Padang,ID,75.43,light rain,-0.9492,100.3543,Mercure Padang
1008,Whithorn,JM,83.44,broken clouds,18.2604,-78.0378,Sunset Heal
1010,Buchanan,LR,75.42,light rain,5.8808,-10.0467,Kamaneahn Hotel Inc
1011,Manavalakurichi,IN,77.4,heavy intensity rain,8.1333,77.3,Jebinrio home
1013,Mana,GF,79.81,broken clouds,5.6592,-53.7767,LE SAMANA
1015,Contamana,PE,83.39,overcast clouds,-7.3333,-75.0167,Shiringal Touristic Park
1018,Sao Miguel Do Araguaia,BR,80.74,moderate rain,-13.275,-50.1628,Hotel Executivo Palace
1020,Upata,VE,77.2,broken clouds,8.0086,-62.3989,Posada Villa Nela
1028,Porto Walter,BR,89.37,moderate rain,-8.2686,-72.7439,Hotel Silva
1029,Totness,SR,80.04,overcast clouds,5.8833,-56.3167,STAATS LOGEERGEBOUW TOTNESS
1031,Ndioum,SN,82.29,broken clouds,16.5129,-14.6471,l'hôtel samassa
1033,Concepcion Del Uruguay,AR,80.11,clear sky,-32.4825,-58.2372,Aires del Campo Cabañas y Hotel
1034,Cravo Norte,CO,81.41,overcast clouds,6.3017,-70.2041,Hotel Potosí Los Mirtos
1052,Jawhar,SO,75.04,clear sky,2.7809,45.5005,Hotel Shabelle
1054,Lagunas,PE,75.15,light rain,-5.2269,-75.6753,Hospedaje Eco
1056,Moussoro,TD,77.27,clear sky,13.6408,16.4901,Pharmacie alnadja Moussoro
1058,Morrinhos,BR,78.28,overcast clouds,-17.7311,-49.0994,"Hotel Aguia - Hotel, Per Noite, Hotel Morrinhos"
1063,Pauini,BR,79.38,moderate rain,-7.7136,-66.9764,Casa do Kiwliks
1072,Itanhem,BR,75.02,overcast clouds,-17.1664,-40.33,Hotel Resende
1078,Dakar,SN,78.93,clear sky,14.6937,-17.4441,Novotel Dakar
1081,Areia Branca,BR,82.6,clear sky,-4.9561,-37.1369,Areia Branca Apart Hotel
1089,San Andres,CO,84.22,broken clouds,12.5847,-81.7006,Hotel Arena Blanca
1096,Talca,CL,85.77,few clouds,-35.4333,-71.6667,Casa de Huespedes Marbargla
1101,Puerto Colombia,CO,86.09,overcast clouds,10.9878,-74.9547,Hotel El Emigrante
1106,Diamantino,BR,82.85,overcast clouds,-14.4086,-56.4461,Hotel Delta
1111,Ilheus,BR,78.62,scattered clouds,-14.7889,-39.0494,Barravento Hotel
1112,Tonj,SS,78.96,broken clouds,7.2737,28.6822,Lakan Hotel
1116,Los Andes,CL,84.0,broken clouds,-32.8337,-70.5983,Hotel Los Andes
1118,Puerto Narino,CO,75.83,overcast clouds,-3.7703,-70.3831,Eware Refugio Amazonico
1120,Mogadishu,SO,78.69,light rain,2.0371,45.3438,Hotel Juba
1121,Soyo,AO,77.23,overcast clouds,-6.1349,12.3689,Hospedaria ndozi'ame
1124,San Clemente,US,76.26,clear sky,33.427,-117.612,Casablanca Inn
1132,Grand-Santi,GF,79.66,broken clouds,4.25,-54.3833,Hotel La Villa Couacou
1137,Manjeri,IN,75.88,mist,11.1167,76.1167,ITTC
1138,Savalou,BJ,78.62,broken clouds,7.9281,1.9756,Hotel F&F
1144,Mozarlandia,BR,82.42,overcast clouds,-14.7447,-50.5706,Hotel Santa Mônica
1152,Bani,DO,80.04,light rain,18.2833,-70.3333,Hospedaje Henriquez
1153,Belem,BR,86.04,scattered clouds,-1.4558,-48.5044,Mercure Belém Boulevard
1155,Korhogo,CI,76.73,broken clouds,9.45,-5.6333,Hôtel Tchinbota
1158,Bayeux,BR,79.43,broken clouds,-7.125,-34.9322,Infinity Motel
1165,Bom Jesus Da Lapa,BR,78.1,light rain,-13.255,-43.4181,Hotel das Nações
1169,Santo Antonio Do Ica,BR,83.88,overcast clouds,-3.1022,-67.9397,HOTEL AMAZON WAY
1171,Joao Camara,BR,76.1,few clouds,-5.5375,-35.8197,Pousada Miguel Teixeira
1172,Conceicao Da Barra,BR,76.62,overcast clouds,-18.5933,-39.7322,Cricaré Praia Hotel
1185,Bahia Blanca,AR,80.92,clear sky,-38.7196,-62.2724,Hotel Argos
1186,Limbe,CM,78.21,light rain,4.0242,9.2149,The LK Hotel at Bonadikombo
1187,Ler,SS,77.23,few clouds,8.3018,30.1418,Leer Humanitarian Hub
1203,Cururupu,BR,75.29,scattered clouds,-1.8283,-44.8683,POUSADA TRAVÉS'CIA
1205,Uaua,BR,76.87,overcast clouds,-9.8414,-39.4817,Hotel Uauá
1209,Camapua,BR,80.19,few clouds,-19.5314,-54.0439,Comercial Estrela
1211,Kita,ML,84.13,overcast clouds,13.0349,-9.4895,Hôtel Chat Rouge
1216,Ipanema,BR,80.58,clear sky,-30.1391,-51.2244,Terra e Brisa
1218,Tocache,PE,83.59,overcast clouds,-8.1842,-76.5125,Residencial JATER
1229,Vila Do Maio,CV,75.99,scattered clouds,15.1333,-23.2167,Hotel Marilu
1230,Mongo,TD,78.78,broken clouds,12.1844,18.693,Résidences du Programme FIDA
1253,Paracuru,BR,80.11,scattered clouds,-3.41,-39.0306,Hotel Vento Brasil
1256,Cozumel,MX,87.08,scattered clouds,20.5083,-86.9458,Cozumel Palace® All Inclusive Resort
1266,Bousse,BF,76.64,overcast clouds,12.6606,-1.8922,Maison d'hôtes EBEN-EZER DE BOUSSE
1270,Nobres,BR,85.3,broken clouds,-14.7203,-56.3275,Hostel Eloáh Vila Bom Jardim
1276,Bayshore Gardens,US,81.21,clear sky,27.4253,-82.5904,Ramada by Wyndham Sarasota Waterfront
1280,Male,MV,82.35,broken clouds,4.1748,73.5089,Hotel Octave Maldives
1287,Domoni,KM,75.94,broken clouds,-12.2569,44.5319,Al Djadid
1290,Nata,PA,81.27,moderate rain,8.3333,-80.5167,Rey David
1298,Tigre,AR,87.94,clear sky,-34.426,-58.5796,Puerto Delta Apartamentos
1300,Ocala,US,78.93,clear sky,29.1872,-82.1401,Shangri La Motel
1304,Cabo Rojo,PR,82.98,clear sky,18.0866,-67.1457,Hotel Perichi's
1307,Piracanjuba,BR,77.65,overcast clouds,-17.3028,-49.0167,Casas Luci
1309,Cochabamba,BO,82.15,broken clouds,-17.3895,-66.1568,Hotel Aranjuez Cochabamba
1316,Ondjiva,AO,86.58,overcast clouds,-17.0667,15.7333,COMBUESA
1319,Guanica,PR,83.12,clear sky,17.9716,-66.908,Copamarina Beach Resort & Spa
1322,Zabid,YE,75.97,clear sky,14.1951,43.3152,مغرب التريبه
1323,Veraval,IN,76.33,clear sky,20.9,70.3667,Lords Inn Somnath
1327,Clearwater,US,80.04,clear sky,27.9659,-82.8001,Residence Inn by Marriott Clearwater Downtown
1337,Bida,NG,77.61,broken clouds,9.0833,6.0167,Royal Suite
1339,Ibotirama,BR,81.39,broken clouds,-12.1853,-43.2206,Serra do Rio Hotel
1340,Santarem,BR,86.13,few clouds,-2.4431,-54.7083,Hotel Imperador
1351,Salinopolis,BR,80.62,broken clouds,-0.6136,-47.3561,Salinas Park Resort Maçarico AP101
1356,Eyl,SO,78.24,broken clouds,7.9803,49.8164,EYL AQUE SYSTEM
1360,Mbini,GQ,76.98,moderate rain,1.574,9.6134,Candy Vista Mar Mbini
1361,Itaituba,BR,86.16,scattered clouds,-4.2761,-55.9836,Hotel Campos
1362,Arraias,BR,75.43,light rain,-12.9288,-46.9437,Hotel Japão
1367,Santa Maria,BR,81.7,clear sky,-29.6842,-53.8069,Hotel Morotin
1369,Santa Fe,AR,87.98,light rain,-31.6333,-60.7,Conquistador Hotel
